{
  "timestamp": "2026-03-16T23:44:11",
  "sources": {
    "Pseudo RNG": {
      "name": "Pseudo RNG",
      "n_samples": 5000,
      "chi_square_stat": 267.96799999999996,
      "chi_square_p": 0.276195720208583,
      "chi_square_pass": true,
      "ks_stat": 0.013066666666666671,
      "ks_p": 0.3574526326706424,
      "ks_pass": true,
      "max_acf": 0.03533433863279603,
      "n_significant_lags": 2,
      "acf_pass": false,
      "runs_p": 0.9550284876918276,
      "runs_pass": true,
      "shannon_bits": 7.961613917856682,
      "shannon_efficiency": 0.9952017397320853,
      "min_entropy_bits": 7.158429362604483,
      "min_entropy_eff": 0.8948036703255604,
      "nist_iid_bits": 6.638488154429842,
      "overall_pass": true,
      "score": 84.81
    },
    "Simulated QRNG": {
      "name": "Simulated QRNG",
      "n_samples": 5000,
      "chi_square_stat": 20.774400000000007,
      "chi_square_p": 1.0,
      "chi_square_pass": true,
      "ks_stat": 0.00411372549019608,
      "ks_p": 0.9999949976859729,
      "ks_pass": true,
      "max_acf": 0.028583361442519307,
      "n_significant_lags": 1,
      "acf_pass": false,
      "runs_p": 0.46136083583256493,
      "runs_pass": true,
      "shannon_bits": 7.995050093439186,
      "shannon_efficiency": 0.9993812616798983,
      "min_entropy_bits": 7.965784284662087,
      "min_entropy_eff": 0.9957230355827609,
      "nist_iid_bits": 7.310562593515426,
      "overall_pass": true,
      "score": 84.98
    },
    "Biased RNG": {
      "name": "Biased RNG",
      "n_samples": 5000,
      "chi_square_stat": 82740.10879999997,
      "chi_square_p": 0.0,
      "chi_square_pass": false,
      "ks_stat": 0.21469411764705884,
      "ks_p": 9.177767141601953e-203,
      "ks_pass": false,
      "max_acf": 0.0319084008718047,
      "n_significant_lags": 2,
      "acf_pass": false,
      "runs_p": 0.7760219469940608,
      "runs_pass": true,
      "shannon_bits": 6.72701873996925,
      "shannon_efficiency": 0.8408773424961562,
      "min_entropy_bits": 1.9579160413287475,
      "min_entropy_eff": 0.24473950516609344,
      "nist_iid_bits": 1.8712984459254651,
      "overall_pass": false,
      "score": 48.64
    },
    "LCG": {
      "name": "LCG",
      "n_samples": 5000,
      "chi_square_stat": 3.2640000000000002,
      "chi_square_p": 1.0,
      "chi_square_pass": true,
      "ks_stat": 0.004078431372549041,
      "ks_p": 0.9999960609629139,
      "ks_pass": true,
      "max_acf": 0.2444614980380548,
      "n_significant_lags": 17,
      "acf_pass": false,
      "runs_p": 0.0008338634813611634,
      "runs_pass": false,
      "shannon_bits": 7.999528549800449,
      "shannon_efficiency": 0.9999410687250562,
      "min_entropy_bits": 7.965784284662087,
      "min_entropy_eff": 0.9957230355827609,
      "nist_iid_bits": 7.310562593515426,
      "overall_pass": true,
      "score": 70.0
    }
  }
}